<?xml version="1.0" encoding="UTF-8"?>
<!DOCTYPE ModelUnit PUBLIC " " "https://raw.githubusercontent.com/AgriculturalModelExchangeInitiative/crop2ml/master/ModelUnit.dtd">
<ModelUnit modelid="SQ.EnergyBalance.PotentialTranspiration" name="PotentialTranspiration" timestep="1" version="1.0">
    <Description>
        <Title>PotentialTranspiration Model</Title>
        <Authors>Pierre Martre</Authors>
        <Institution>INRA/LEPSE Montpellier</Institution>
        <Reference>Modelling energy balance in the wheat crop model SiriusQuality2:
            Evapotranspiration and canopy and soil temperature calculations</Reference>
        <Abstract>SiriusQuality2 uses availability of water from the soil reservoir as a method to restrict
                    transpiration as soil moisture is depleted </Abstract>
    </Description>
    <Inputs>

        <Input name="evapoTranspiration" description="evapoTranspiration" variablecategory="rate"  datatype="DOUBLE" default="830.958" min="0" max="10000" unit="mm" uri="http://www1.clermont.inra.fr/siriusquality/?page_id=547" inputtype="variable"/>
        <Input name="tau" description="plant cover factor" parametercategory="species" datatype="DOUBLE" default="0.9983" min="0" max="1" unit="" uri="http://www1.clermont.inra.fr/siriusquality/?page_id=547" inputtype="parameter"/>

    </Inputs>
    <Outputs>

        <Output name="potentialTranspiration" description="potential Transpiration " variablecategory="rate" datatype="DOUBLE" min="0" max="10000"  unit="g m-2 d-1" uri="http://www1.clermont.inra.fr/siriusquality/?page_id=547"/>

    </Outputs>

    <Algorithm  language="Cyml" platform="" filename="algo/pyx/potentialtranspiration.pyx" />


     <Parametersets>
        <Parameterset name="set1" description="some values in there" >
        	<Param name="tau">0.9983</Param>

        </Parameterset>
     </Parametersets>
     <Testsets>
        <Testset name="first" parameterset = "set1" description="some values in there" >
        	<Test name ="test1">
        		<InputValue name="evapoTranspiration">830.958</InputValue>
				<OutputValue name="potentialTranspiration" precision ="3">1.413</OutputValue>

        	</Test>

        </Testset>
      </Testsets>
</ModelUnit>
