<?xml version="1.0" encoding="UTF-8"?>
<!DOCTYPE ModelUnit PUBLIC " " "https://raw.githubusercontent.com/AgriculturalModelExchangeInitiative/crop2ml/master/ModelUnit.dtd">
<ModelUnit modelid="STICS.Snow.SnowDepth" name="SnowDepth" timestep="1" version="1.0">
	<Description>
		<Title>snow cover depth Calculation</Title>
		<Authors>STICS</Authors>
		<Institution>INRA</Institution>
		<Reference>-</Reference>
		<Abstract>-</Abstract>
	</Description>
	<Inputs>
		<Input name="Snowmelt" description="snow melt " inputtype="variable" variablecategory="state" datatype="DOUBLE" default="0.0" min="0.0" max="100.0" unit="mm" uri=""/>
		<Input name="Sdepth_t1" description="snow cover depth Calculation in previous day" inputtype="variable" variablecategory="state" datatype="DOUBLE" default="0.0" min="0.0" max="5000.0" unit="m" uri=""/>
		<Input name="Snowaccu" description="snowfall accumulation" inputtype="variable" variablecategory="state" datatype="DOUBLE" default="0.0" min="" max="" unit="mm" uri=""/>
		<Input name="P_E" description="snow compaction parameter" inputtype="parameter" parametercategory="constant" datatype="DOUBLE" default="0.0" min="" max="" unit="mm mm-1 d" uri=""/>
		<Input name="M" description="snow in the process of melting" inputtype="variable" variablecategory="state" datatype="DOUBLE" default="0.0" min="" max="" unit="mm" uri=""/>
    </Inputs>
	<Outputs>
		<Output name="Sdepth" description="water in solid state in the snow cover" variablecategory="state" datatype="DOUBLE" min="0.0" max="500.0" unit="m" uri=""/>
	</Outputs>
	<Algorithm language="Cyml" platform="" filename="algo/pyx/SnowDepth.pyx" />
	<Parametersets>
		<Parameterset name="paramerSet1" description="set Parameters for TempMax unit" >
        <Param name="P_E">0.02</Param>
        </Parameterset>
	</Parametersets>
	<Testsets>
        <Testset name="check snow model" parameterset = "paramerSet1" description="some values in there" >
        	<Test name ="test_snow1">
                <InputValue name="M">91.2</InputValue>
                <InputValue name="Snowaccu">91.2</InputValue>
        		<InputValue name="Sdepth_t1">91.2</InputValue>
				<InputValue name="Snowmelt">0.279</InputValue> 
			    <OutputValue name="Sdepth" precision ="2">45.6</OutputValue>
        	</Test>
        </Testset>
	</Testsets>
</ModelUnit>