<?xml version="1.0" encoding="UTF-8"?>
<!DOCTYPE ModelUnit PUBLIC " " "https://raw.githubusercontent.com/AgriculturalModelExchangeInitiative/crop2ml/master/ModelUnit.dtd">
<ModelUnit modelid="STICS.Snow.SnowMelt" name="SnowMelt" timestep="1" version="1.0">
	<Description>
		<Title>Snow Melt</Title>
		<Authors>STICS</Authors>
		<Institution>INRA</Institution>
		<Reference>-</Reference>
		<Abstract>-</Abstract>
	</Description>
	<Inputs>
		<Input name="ps" description="density of snow cover" inputtype="variable" variablecategory="state" datatype="DOUBLE" default="0.0" min="0.0" max="5000.0" unit="mm" uri=""/>
		<Input name="M" description="snow in the process of melting" inputtype="variable" variablecategory="state" datatype="DOUBLE" default="0.0" min="" max="" unit="mm" uri=""/>
    </Inputs>
	<Outputs>
		<Output name="Snowmelt" description="Snow melt" variablecategory="state" datatype="DOUBLE" min="0.0" max="500.0" unit="mm" uri=""/>
	</Outputs>
	<Algorithm language="Cyml" platform="" filename="algo/pyx/SnowMelt.pyx" />
	<Parametersets>
		<Parameterset name="paramerSet1" description="set Parameters for TempMax unit" >
		</Parameterset>
	</Parametersets>
	<Testsets>
        <Testset name="check snow model" parameterset = "paramerSet1" description="some values in there" >
        	<Test name ="test_snow1">
                <InputValue name="M">91.2</InputValue>
                <InputValue name="ps">91.2</InputValue>
			    <OutputValue name="Snowmelt" precision ="2">45.6</OutputValue>
        	</Test>
        </Testset>
	</Testsets>
</ModelUnit>